Dataset,Split,Model,n,Component,Target,rho,p
naidv1,train,GPT,2000,Quality & Reliability,cites,0.22231315333796686,8.124446608073729e-24
naidv1,train,GPT,2000,Quality & Reliability,TNCSI,0.191445895421034,5.802815715661277e-18
naidv1,train,GPT,2000,Quality & Reliability,TNCSI_SP,0.2155300077872926,1.8897740648904226e-22
naidv1,train,GPT,2000,Quality & Reliability,Ref_num,0.10594905129473775,2.0483584983720564e-06
naidv1,train,GPT,2000,Quality & Reliability,RQM,0.05047876342647947,0.023976423797297048
naidv1,train,GPT,2000,Quality & Reliability,SMP,-0.04820933450226963,0.03109204822002462
naidv1,train,GPT,2000,Quality & Reliability,ARQ,0.04541860974090826,0.042259033278870956
naidv1,train,GPT,2000,Quality & Reliability,OA,0.14683200824730813,4.161422930158525e-11
naidv1,train,GPT,2000,Quality & Reliability,is_practical,0.12563907147374814,1.724473047189983e-08
naidv1,train,GPT,2000,Quality & Reliability,new_task,0.08860200368089537,7.256045346051177e-05
naidv1,train,GPT,2000,Quality & Reliability,new_dataset,0.12955568176161888,6.07044427189468e-09
naidv1,train,GPT,2000,Quality & Reliability,SOTA,0.22154330223797786,1.1673540346648225e-23
naidv1,train,GPT,2000,Quality & Reliability,is_broad,-0.019402642417732107,0.3858041114862264
naidv1,train,GPT,2000,Accessibility & Understandability,cites,0.03721992639773773,0.09610010873981283
naidv1,train,GPT,2000,Accessibility & Understandability,TNCSI,0.05711780064127435,0.010622605803278866
naidv1,train,GPT,2000,Accessibility & Understandability,TNCSI_SP,0.042163577141091015,0.05939312306756225
naidv1,train,GPT,2000,Accessibility & Understandability,Ref_num,-0.14436942536801806,8.793032954173112e-11
naidv1,train,GPT,2000,Accessibility & Understandability,RQM,0.04822463336041105,0.031038590894994455
naidv1,train,GPT,2000,Accessibility & Understandability,SMP,-0.08249140528678128,0.00022152207108202965
naidv1,train,GPT,2000,Accessibility & Understandability,ARQ,0.010600143431836287,0.6356640960350952
naidv1,train,GPT,2000,Accessibility & Understandability,OA,0.021076806950769272,0.3461420469595591
naidv1,train,GPT,2000,Accessibility & Understandability,is_practical,0.2197593719786722,2.6895747363526295e-23
naidv1,train,GPT,2000,Accessibility & Understandability,new_task,0.06889726195923446,0.002049825336602641
naidv1,train,GPT,2000,Accessibility & Understandability,new_dataset,0.22239295963986863,7.82424056735979e-24
naidv1,train,GPT,2000,Accessibility & Understandability,SOTA,-0.15961889045009708,6.971610757664314e-13
naidv1,train,GPT,2000,Accessibility & Understandability,is_broad,0.07438774584113216,0.0008707875873558756
naidv1,train,GPT,2000,Novelty & Engagement,cites,0.26652386848682397,7.151913128272181e-34
naidv1,train,GPT,2000,Novelty & Engagement,TNCSI,0.18672633727744783,3.7780546480415566e-17
naidv1,train,GPT,2000,Novelty & Engagement,TNCSI_SP,0.1958008563675848,9.861235849440488e-19
naidv1,train,GPT,2000,Novelty & Engagement,Ref_num,0.312312410699417,1.6904667015778925e-46
naidv1,train,GPT,2000,Novelty & Engagement,RQM,0.09666987327622194,1.48669107460571e-05
naidv1,train,GPT,2000,Novelty & Engagement,SMP,-0.10382373564500154,3.2743464471721452e-06
naidv1,train,GPT,2000,Novelty & Engagement,ARQ,0.060566098073222815,0.006740657776373433
naidv1,train,GPT,2000,Novelty & Engagement,OA,0.06487878191138664,0.0036994685663408913
naidv1,train,GPT,2000,Novelty & Engagement,is_practical,-0.1980080085323974,3.952398392817014e-19
naidv1,train,GPT,2000,Novelty & Engagement,new_task,0.08522404795718207,0.00013568943495391724
naidv1,train,GPT,2000,Novelty & Engagement,new_dataset,-0.014348101247389024,0.52132879813987
naidv1,train,GPT,2000,Novelty & Engagement,SOTA,0.07282990837318805,0.0011166969779777434
naidv1,train,GPT,2000,Novelty & Engagement,is_broad,0.029520356016728862,0.18695100321283176
naidv1,train,Deepseek,1962,Quality & Reliability,cites,0.02882043422446431,0.2019423240473215
naidv1,train,Deepseek,1962,Quality & Reliability,TNCSI,0.048500605410141895,0.03169757665026291
naidv1,train,Deepseek,1962,Quality & Reliability,TNCSI_SP,0.041469608725479036,0.06628467621010731
naidv1,train,Deepseek,1962,Quality & Reliability,Ref_num,0.006027751186294531,0.7896013570915694
naidv1,train,Deepseek,1962,Quality & Reliability,RQM,0.04209370742993617,0.062299742468254315
naidv1,train,Deepseek,1962,Quality & Reliability,SMP,0.006615508932292492,0.769639166512884
naidv1,train,Deepseek,1962,Quality & Reliability,ARQ,0.06173314052139799,0.006232285655473411
naidv1,train,Deepseek,1962,Quality & Reliability,OA,0.06051750643775361,0.007332791584128168
naidv1,train,Deepseek,1962,Quality & Reliability,is_practical,0.17601597602441585,4.0635916238776355e-15
naidv1,train,Deepseek,1962,Quality & Reliability,new_task,-0.0423037691452183,0.06100385744690697
naidv1,train,Deepseek,1962,Quality & Reliability,new_dataset,-0.07495678780573432,0.000891410587186304
naidv1,train,Deepseek,1962,Quality & Reliability,SOTA,0.25041284952715853,1.9584027984637e-29
naidv1,train,Deepseek,1962,Quality & Reliability,is_broad,-0.05024040820980357,0.026057123918838725
naidv1,train,Deepseek,1962,Accessibility & Understandability,cites,0.1396039375392199,5.292578528705177e-10
naidv1,train,Deepseek,1962,Accessibility & Understandability,TNCSI,0.12961981312882162,8.307115651432539e-09
naidv1,train,Deepseek,1962,Accessibility & Understandability,TNCSI_SP,0.13195209264334634,4.445757951917279e-09
naidv1,train,Deepseek,1962,Accessibility & Understandability,Ref_num,0.005167110390546047,0.8190787148330028
naidv1,train,Deepseek,1962,Accessibility & Understandability,RQM,0.10409581561134545,3.828392592735064e-06
naidv1,train,Deepseek,1962,Accessibility & Understandability,SMP,-0.12423770864309416,3.3719501920187533e-08
naidv1,train,Deepseek,1962,Accessibility & Understandability,ARQ,0.05727474895317414,0.011167261969311
naidv1,train,Deepseek,1962,Accessibility & Understandability,OA,0.09347686161495772,3.3693099726334386e-05
naidv1,train,Deepseek,1962,Accessibility & Understandability,is_practical,0.2300690895790785,5.541915057456698e-25
naidv1,train,Deepseek,1962,Accessibility & Understandability,new_task,0.07817820020875274,0.0005283407672933161
naidv1,train,Deepseek,1962,Accessibility & Understandability,new_dataset,0.22768412843496658,1.7315486794619938e-24
naidv1,train,Deepseek,1962,Accessibility & Understandability,SOTA,0.07344374334252035,0.001132026517823998
naidv1,train,Deepseek,1962,Accessibility & Understandability,is_broad,0.06208985654706502,0.005938841068731821
naidv1,train,Deepseek,1962,Novelty & Engagement,cites,0.2680525388389398,1.22895630471243e-33
naidv1,train,Deepseek,1962,Novelty & Engagement,TNCSI,0.16907905155422248,4.741991119857096e-14
naidv1,train,Deepseek,1962,Novelty & Engagement,TNCSI_SP,0.201359609745812,2.1404566953664143e-19
naidv1,train,Deepseek,1962,Novelty & Engagement,Ref_num,0.29007245155721617,2.412354497492668e-39
naidv1,train,Deepseek,1962,Novelty & Engagement,RQM,0.09543920357779043,2.2915933999032988e-05
naidv1,train,Deepseek,1962,Novelty & Engagement,SMP,-0.09769238983686977,1.4586156803463294e-05
naidv1,train,Deepseek,1962,Novelty & Engagement,ARQ,0.06670194153201991,0.0031172129715049232
naidv1,train,Deepseek,1962,Novelty & Engagement,OA,0.06154621493120539,0.00639120779210605
naidv1,train,Deepseek,1962,Novelty & Engagement,is_practical,-0.16015895432850005,9.626540796844513e-13
naidv1,train,Deepseek,1962,Novelty & Engagement,new_task,0.018899587147240188,0.4027677414898235
naidv1,train,Deepseek,1962,Novelty & Engagement,new_dataset,-0.0750742556656992,0.0008748687423228671
naidv1,train,Deepseek,1962,Novelty & Engagement,SOTA,0.1888813641434045,3.252509744395013e-17
naidv1,train,Deepseek,1962,Novelty & Engagement,is_broad,0.019242457693205175,0.39428617632090446
naidv1,train,Llama-3.1,2000,Quality & Reliability,cites,0.03394360224355045,0.12914244071737083
naidv1,train,Llama-3.1,2000,Quality & Reliability,TNCSI,0.03025043298912081,0.1762780255899758
naidv1,train,Llama-3.1,2000,Quality & Reliability,TNCSI_SP,0.04955559964482327,0.026679868728953598
naidv1,train,Llama-3.1,2000,Quality & Reliability,Ref_num,0.006109995291465562,0.7847924764219631
naidv1,train,Llama-3.1,2000,Quality & Reliability,RQM,0.009645683447592176,0.6663895363239043
naidv1,train,Llama-3.1,2000,Quality & Reliability,SMP,0.021291965591391643,0.34123990009898364
naidv1,train,Llama-3.1,2000,Quality & Reliability,ARQ,0.029100883813913427,0.19329509672185474
naidv1,train,Llama-3.1,2000,Quality & Reliability,OA,0.03470238730258358,0.12079748159292263
naidv1,train,Llama-3.1,2000,Quality & Reliability,is_practical,0.06223666576512125,0.005364875991572345
naidv1,train,Llama-3.1,2000,Quality & Reliability,new_task,0.04185142937808294,0.0613031544033495
naidv1,train,Llama-3.1,2000,Quality & Reliability,new_dataset,0.05625849280693447,0.011856848736002986
naidv1,train,Llama-3.1,2000,Quality & Reliability,SOTA,0.08584568587945227,0.00012112746006367433
naidv1,train,Llama-3.1,2000,Quality & Reliability,is_broad,-0.004011217107780004,0.8577212620506695
naidv1,train,Llama-3.1,2000,Accessibility & Understandability,cites,0.1179954382743483,1.2091050546882278e-07
naidv1,train,Llama-3.1,2000,Accessibility & Understandability,TNCSI,0.09894450509215368,9.291021013551288e-06
naidv1,train,Llama-3.1,2000,Accessibility & Understandability,TNCSI_SP,0.11714782584873142,1.4896551647763426e-07
naidv1,train,Llama-3.1,2000,Accessibility & Understandability,Ref_num,0.08343156955173654,0.00018745103151153903
naidv1,train,Llama-3.1,2000,Accessibility & Understandability,RQM,0.07541118563558837,0.0007376499563954099
naidv1,train,Llama-3.1,2000,Accessibility & Understandability,SMP,-0.03656416172731695,0.10210705597594984
naidv1,train,Llama-3.1,2000,Accessibility & Understandability,ARQ,0.06758186440061409,0.002495216746732428
naidv1,train,Llama-3.1,2000,Accessibility & Understandability,OA,0.08568957385388755,0.00012463925501532866
naidv1,train,Llama-3.1,2000,Accessibility & Understandability,is_practical,0.1327666887797879,2.5193352079908284e-09
naidv1,train,Llama-3.1,2000,Accessibility & Understandability,new_task,0.053968250885179744,0.015787826962591244
naidv1,train,Llama-3.1,2000,Accessibility & Understandability,new_dataset,0.06241215283424521,0.005236173243208508
naidv1,train,Llama-3.1,2000,Accessibility & Understandability,SOTA,0.17263847563695853,7.590130124931854e-15
naidv1,train,Llama-3.1,2000,Accessibility & Understandability,is_broad,-0.04366171645117419,0.05090003533590687
naidv1,train,Llama-3.1,2000,Novelty & Engagement,cites,-0.010773447611658094,0.6301498225116262
naidv1,train,Llama-3.1,2000,Novelty & Engagement,TNCSI,-0.009036302045612522,0.6863073526126939
naidv1,train,Llama-3.1,2000,Novelty & Engagement,TNCSI_SP,-0.0021299498336091356,0.9241600928660121
naidv1,train,Llama-3.1,2000,Novelty & Engagement,Ref_num,-0.09031079486282843,5.2420700854952446e-05
naidv1,train,Llama-3.1,2000,Novelty & Engagement,RQM,0.06537611708918972,0.003444446775400702
naidv1,train,Llama-3.1,2000,Novelty & Engagement,SMP,-0.027655387691445273,0.21636573863234315
naidv1,train,Llama-3.1,2000,Novelty & Engagement,ARQ,0.06804710976954244,0.002328456841339231
naidv1,train,Llama-3.1,2000,Novelty & Engagement,OA,0.04947790011895568,0.026918967345957178
naidv1,train,Llama-3.1,2000,Novelty & Engagement,is_practical,0.2611331184997642,1.5474330890342007e-32
naidv1,train,Llama-3.1,2000,Novelty & Engagement,new_task,0.02736060942510038,0.2213041509140141
naidv1,train,Llama-3.1,2000,Novelty & Engagement,new_dataset,0.009521470996456009,0.6704309967479666
naidv1,train,Llama-3.1,2000,Novelty & Engagement,SOTA,0.17965561110330427,5.709028433856172e-16
naidv1,train,Llama-3.1,2000,Novelty & Engagement,is_broad,-0.034921915386768185,0.11846351429596398
naidv1,train,Llama-3.3,1999,Quality & Reliability,cites,0.08466312845627051,0.00015080416391272352
naidv1,train,Llama-3.3,1999,Quality & Reliability,TNCSI,0.042173372412912254,0.059397671786968344
naidv1,train,Llama-3.3,1999,Quality & Reliability,TNCSI_SP,0.053773967335654003,0.016195511550780438
naidv1,train,Llama-3.3,1999,Quality & Reliability,Ref_num,0.07036564084899476,0.001643945237382108
naidv1,train,Llama-3.3,1999,Quality & Reliability,RQM,0.02689926425727713,0.22931078676696146
naidv1,train,Llama-3.3,1999,Quality & Reliability,SMP,-0.025488572456874456,0.25467360732423183
naidv1,train,Llama-3.3,1999,Quality & Reliability,ARQ,0.015413072966492181,0.49099250028387187
naidv1,train,Llama-3.3,1999,Quality & Reliability,OA,0.04393887941548028,0.04950285191351843
naidv1,train,Llama-3.3,1999,Quality & Reliability,is_practical,-0.0547531665731759,0.014352044074994711
naidv1,train,Llama-3.3,1999,Quality & Reliability,new_task,0.06592576103717195,0.0031888941925872724
naidv1,train,Llama-3.3,1999,Quality & Reliability,new_dataset,0.03817068735601376,0.0879759661266411
naidv1,train,Llama-3.3,1999,Quality & Reliability,SOTA,0.07245688910384566,0.0011877916224886532
naidv1,train,Llama-3.3,1999,Quality & Reliability,is_broad,0.0018729824855818764,0.9333036445494344
naidv1,train,Llama-3.3,1999,Accessibility & Understandability,cites,0.05737226390659952,0.01029877249489496
naidv1,train,Llama-3.3,1999,Accessibility & Understandability,TNCSI,0.07963120039834826,0.00036558238705956006
naidv1,train,Llama-3.3,1999,Accessibility & Understandability,TNCSI_SP,0.06914027426225276,0.0019811597018747316
naidv1,train,Llama-3.3,1999,Accessibility & Understandability,Ref_num,-0.04673146167481265,0.03668914156001372
naidv1,train,Llama-3.3,1999,Accessibility & Understandability,RQM,0.10519344305454553,2.436679062157695e-06
naidv1,train,Llama-3.3,1999,Accessibility & Understandability,SMP,-0.07012615723098267,0.0017053800922832462
naidv1,train,Llama-3.3,1999,Accessibility & Understandability,ARQ,0.0966228163116284,1.5084594863208434e-05
naidv1,train,Llama-3.3,1999,Accessibility & Understandability,OA,0.1115296818874969,5.762966525654886e-07
naidv1,train,Llama-3.3,1999,Accessibility & Understandability,is_practical,0.34282422624170145,3.1417443741114396e-56
naidv1,train,Llama-3.3,1999,Accessibility & Understandability,new_task,0.051315374505241707,0.021767756789376508
naidv1,train,Llama-3.3,1999,Accessibility & Understandability,new_dataset,0.1495042529127811,1.8427463433823804e-11
naidv1,train,Llama-3.3,1999,Accessibility & Understandability,SOTA,0.19831520509253517,3.548471802725143e-19
naidv1,train,Llama-3.3,1999,Accessibility & Understandability,is_broad,0.0056544879213676754,0.8005332424038684
naidv1,train,Llama-3.3,1999,Novelty & Engagement,cites,0.2629001439264979,5.9023310705568094e-33
naidv1,train,Llama-3.3,1999,Novelty & Engagement,TNCSI,0.16261777175889433,2.576466384335645e-13
naidv1,train,Llama-3.3,1999,Novelty & Engagement,TNCSI_SP,0.18202291757536157,2.368258325402572e-16
naidv1,train,Llama-3.3,1999,Novelty & Engagement,Ref_num,0.3128225690716399,1.2486120862829786e-46
naidv1,train,Llama-3.3,1999,Novelty & Engagement,RQM,0.10441481800453115,2.892948276031965e-06
naidv1,train,Llama-3.3,1999,Novelty & Engagement,SMP,-0.10461702271531902,2.7671507793325737e-06
naidv1,train,Llama-3.3,1999,Novelty & Engagement,ARQ,0.06814092434713985,0.0023019324743049174
naidv1,train,Llama-3.3,1999,Novelty & Engagement,OA,0.0800865810802886,0.0003381080633284031
naidv1,train,Llama-3.3,1999,Novelty & Engagement,is_practical,-0.20151754463726246,9.223506803308995e-20
naidv1,train,Llama-3.3,1999,Novelty & Engagement,new_task,0.05304175376490368,0.017706821735392304
naidv1,train,Llama-3.3,1999,Novelty & Engagement,new_dataset,-0.0492314373356729,0.027728645252542476
naidv1,train,Llama-3.3,1999,Novelty & Engagement,SOTA,0.1385295502193523,4.977351072860864e-10
naidv1,train,Llama-3.3,1999,Novelty & Engagement,is_broad,0.011955812298856608,0.5931815638042732
naidv1,test,GPT,1237,Quality & Reliability,cites,0.16912484529360222,2.157997654215232e-09
naidv1,test,GPT,1237,Quality & Reliability,TNCSI,0.12801861504305512,6.284402752547947e-06
naidv1,test,GPT,1237,Quality & Reliability,TNCSI_SP,0.1737535083688751,7.66287854127675e-10
naidv1,test,GPT,1237,Quality & Reliability,Ref_num,0.030175045095663662,0.288937482292504
naidv1,test,GPT,1237,Quality & Reliability,RQM,0.034737013540563084,0.22213555671439347
naidv1,test,GPT,1237,Quality & Reliability,SMP,-0.06856127343039699,0.015875303485850655
naidv1,test,GPT,1237,Quality & Reliability,ARQ,-0.0014411688171528283,0.959615459071393
naidv1,test,GPT,1237,Quality & Reliability,OA,0.199474916360248,1.4424858687634216e-12
naidv1,test,GPT,1237,Quality & Reliability,is_practical,0.21386248369230385,2.909654239612184e-14
naidv1,test,GPT,1237,Quality & Reliability,new_task,0.0583843563540019,0.04006168403375758
naidv1,test,GPT,1237,Quality & Reliability,new_dataset,0.11512580460595162,4.938926719623472e-05
naidv1,test,GPT,1237,Quality & Reliability,SOTA,0.21854391118082994,7.67804214470401e-15
naidv1,test,GPT,1237,Quality & Reliability,is_broad,0.02301271341395513,0.4187054412404517
naidv1,test,GPT,1237,Accessibility & Understandability,cites,0.01693647957693973,0.5517675548492058
naidv1,test,GPT,1237,Accessibility & Understandability,TNCSI,0.03518572107061133,0.2162173500582663
naidv1,test,GPT,1237,Accessibility & Understandability,TNCSI_SP,0.021372534311998013,0.45264093899071567
naidv1,test,GPT,1237,Accessibility & Understandability,Ref_num,-0.10013972004346959,0.00041978264178605426
naidv1,test,GPT,1237,Accessibility & Understandability,RQM,0.015661878177812776,0.5820992596006314
naidv1,test,GPT,1237,Accessibility & Understandability,SMP,-0.0735652923568781,0.009646283653640168
naidv1,test,GPT,1237,Accessibility & Understandability,ARQ,-0.03478156310476849,0.22154284322982085
naidv1,test,GPT,1237,Accessibility & Understandability,OA,-0.03294837528890418,0.24687607334457246
naidv1,test,GPT,1237,Accessibility & Understandability,is_practical,0.1843685577990907,6.405191703583901e-11
naidv1,test,GPT,1237,Accessibility & Understandability,new_task,0.10664528898373257,0.00017144707142855155
naidv1,test,GPT,1237,Accessibility & Understandability,new_dataset,0.2580860795969497,2.843872082139848e-20
naidv1,test,GPT,1237,Accessibility & Understandability,SOTA,-0.19924702057103177,1.530969715382573e-12
naidv1,test,GPT,1237,Accessibility & Understandability,is_broad,0.10249891605791829,0.0003051836947182428
naidv1,test,GPT,1237,Novelty & Engagement,cites,0.2650850043290031,2.4459113616026405e-21
naidv1,test,GPT,1237,Novelty & Engagement,TNCSI,0.17378219561511646,7.61319118585758e-10
naidv1,test,GPT,1237,Novelty & Engagement,TNCSI_SP,0.2295308340115322,2.982279493887945e-16
naidv1,test,GPT,1237,Novelty & Engagement,Ref_num,0.36313563625114453,7.422251730392003e-40
naidv1,test,GPT,1237,Novelty & Engagement,RQM,0.0821106854196749,0.0038539242841994508
naidv1,test,GPT,1237,Novelty & Engagement,SMP,-0.11392631549297054,5.9210765230875835e-05
naidv1,test,GPT,1237,Novelty & Engagement,ARQ,0.04432107395109688,0.1192316718838472
naidv1,test,GPT,1237,Novelty & Engagement,OA,0.14345237321903476,4.052191696397565e-07
naidv1,test,GPT,1237,Novelty & Engagement,is_practical,-0.1432070249181974,4.242683358877163e-07
naidv1,test,GPT,1237,Novelty & Engagement,new_task,0.09557790431013502,0.0007629959688111857
naidv1,test,GPT,1237,Novelty & Engagement,new_dataset,0.01168844831722,0.6812976879342231
naidv1,test,GPT,1237,Novelty & Engagement,SOTA,0.12862184639914137,5.677721538070001e-06
naidv1,test,GPT,1237,Novelty & Engagement,is_broad,0.009099255935094072,0.749185825755093
naidv1,test,Deepseek,1231,Quality & Reliability,cites,0.16871985957218394,2.5789460887115126e-09
naidv1,test,Deepseek,1231,Quality & Reliability,TNCSI,0.14428653074139303,3.6983673110613586e-07
naidv1,test,Deepseek,1231,Quality & Reliability,TNCSI_SP,0.17162647656854266,1.3567885826682678e-09
naidv1,test,Deepseek,1231,Quality & Reliability,Ref_num,0.05706684171267745,0.04530384593138026
naidv1,test,Deepseek,1231,Quality & Reliability,RQM,0.11333008982870015,6.746289263562937e-05
naidv1,test,Deepseek,1231,Quality & Reliability,SMP,-0.17733798639606174,3.7183806447631205e-10
naidv1,test,Deepseek,1231,Quality & Reliability,ARQ,0.029853594222876315,0.2952837674123478
naidv1,test,Deepseek,1231,Quality & Reliability,OA,0.13085801408135356,4.09720802997433e-06
naidv1,test,Deepseek,1231,Quality & Reliability,is_practical,0.2839228621374368,2.9506436598082705e-24
naidv1,test,Deepseek,1231,Quality & Reliability,new_task,0.1860711207209379,4.7259066156299154e-11
naidv1,test,Deepseek,1231,Quality & Reliability,new_dataset,0.29781849950287054,1.2379316728310049e-26
naidv1,test,Deepseek,1231,Quality & Reliability,SOTA,0.059198634907475844,0.03782634016580053
naidv1,test,Deepseek,1231,Quality & Reliability,is_broad,0.09349964414302181,0.0010221560290710507
naidv1,test,Deepseek,1231,Accessibility & Understandability,cites,0.27213314420801615,2.421989274722012e-22
naidv1,test,Deepseek,1231,Accessibility & Understandability,TNCSI,0.18093880748281627,1.608096885413288e-10
naidv1,test,Deepseek,1231,Accessibility & Understandability,TNCSI_SP,0.2480061109805938,1.0381288208224498e-18
naidv1,test,Deepseek,1231,Accessibility & Understandability,Ref_num,0.31049426497556765,6.414890171134585e-29
naidv1,test,Deepseek,1231,Accessibility & Understandability,RQM,0.13560519345364908,1.7968089054710762e-06
naidv1,test,Deepseek,1231,Accessibility & Understandability,SMP,-0.12558423855085227,9.905334782999699e-06
naidv1,test,Deepseek,1231,Accessibility & Understandability,ARQ,0.09645925365102578,0.0007019964017480638
naidv1,test,Deepseek,1231,Accessibility & Understandability,OA,0.15282705052150555,7.11413778925707e-08
naidv1,test,Deepseek,1231,Accessibility & Understandability,is_practical,-0.06927051396573708,0.015063470813771011
naidv1,test,Deepseek,1231,Accessibility & Understandability,new_task,0.0002096997939298153,0.9941356246700155
naidv1,test,Deepseek,1231,Accessibility & Understandability,new_dataset,-0.12660840148913796,8.367414889738599e-06
naidv1,test,Deepseek,1231,Accessibility & Understandability,SOTA,0.3300099014213793,1.1575799263231714e-32
naidv1,test,Deepseek,1231,Accessibility & Understandability,is_broad,-0.007902261707336444,0.7817967479745815
naidv1,test,Deepseek,1231,Novelty & Engagement,cites,0.003889957414777005,0.8915498237714892
naidv1,test,Deepseek,1231,Novelty & Engagement,TNCSI,0.01081269794826289,0.7046910036530817
naidv1,test,Deepseek,1231,Novelty & Engagement,TNCSI_SP,0.011498252479337296,0.6869285984890474
naidv1,test,Deepseek,1231,Novelty & Engagement,Ref_num,-0.13188588680432195,3.4356918289606933e-06
naidv1,test,Deepseek,1231,Novelty & Engagement,RQM,0.020515770694145195,0.47204681004451743
naidv1,test,Deepseek,1231,Novelty & Engagement,SMP,0.0265171880683873,0.3525834110877112
naidv1,test,Deepseek,1231,Novelty & Engagement,ARQ,0.04043157952299523,0.15627685713554793
naidv1,test,Deepseek,1231,Novelty & Engagement,OA,0.061803003611856165,0.030138446329753623
naidv1,test,Deepseek,1231,Novelty & Engagement,is_practical,0.20634635487996764,2.6466200440391675e-13
naidv1,test,Deepseek,1231,Novelty & Engagement,new_task,-0.04873273425361815,0.08743313779557733
naidv1,test,Deepseek,1231,Novelty & Engagement,new_dataset,-0.048387988261435734,0.08969828407484697
naidv1,test,Deepseek,1231,Novelty & Engagement,SOTA,0.1894550809474241,2.0675478541397922e-11
naidv1,test,Deepseek,1231,Novelty & Engagement,is_broad,-0.06998100810928239,0.014055446005174015
naidv1,test,Llama-3.1,1237,Quality & Reliability,cites,-0.02508272097768848,0.3780843410039768
naidv1,test,Llama-3.1,1237,Quality & Reliability,TNCSI,-0.024869319850389777,0.3821563783899583
naidv1,test,Llama-3.1,1237,Quality & Reliability,TNCSI_SP,0.0035469534772275134,0.9008210599018153
naidv1,test,Llama-3.1,1237,Quality & Reliability,Ref_num,-0.09395310935153059,0.0009382885305284671
naidv1,test,Llama-3.1,1237,Quality & Reliability,RQM,0.10521920287540834,0.00020954757637737278
naidv1,test,Llama-3.1,1237,Quality & Reliability,SMP,-0.02205352780460207,0.43836628050129045
naidv1,test,Llama-3.1,1237,Quality & Reliability,ARQ,0.10823724333856555,0.00013663869706775293
naidv1,test,Llama-3.1,1237,Quality & Reliability,OA,0.09406728519868221,0.000924846719503097
naidv1,test,Llama-3.1,1237,Quality & Reliability,is_practical,0.20560641874136612,2.8304245793509946e-13
naidv1,test,Llama-3.1,1237,Quality & Reliability,new_task,-0.036249587638793865,0.2026405814747364
naidv1,test,Llama-3.1,1237,Quality & Reliability,new_dataset,-0.1428351407370954,4.5479649919189116e-07
naidv1,test,Llama-3.1,1237,Quality & Reliability,SOTA,0.213817260804167,2.94690105432327e-14
naidv1,test,Llama-3.1,1237,Quality & Reliability,is_broad,-0.024760974535570003,0.3842340232832774
naidv1,test,Llama-3.1,1237,Accessibility & Understandability,cites,0.05594959937397976,0.049142217997849486
naidv1,test,Llama-3.1,1237,Accessibility & Understandability,TNCSI,0.08076616970977818,0.00447751990677039
naidv1,test,Llama-3.1,1237,Accessibility & Understandability,TNCSI_SP,0.07086782971702604,0.012663017785934663
naidv1,test,Llama-3.1,1237,Accessibility & Understandability,Ref_num,0.018673655833106192,0.5117182359298287
naidv1,test,Llama-3.1,1237,Accessibility & Understandability,RQM,-0.0010149566536721778,0.9715526908805514
naidv1,test,Llama-3.1,1237,Accessibility & Understandability,SMP,-0.03367333686616795,0.23662547227493635
naidv1,test,Llama-3.1,1237,Accessibility & Understandability,ARQ,-0.008452823203465966,0.7664672090179505
naidv1,test,Llama-3.1,1237,Accessibility & Understandability,OA,0.037538851886377816,0.18703220448548807
naidv1,test,Llama-3.1,1237,Accessibility & Understandability,is_practical,0.09645173450844725,0.0006817938294732486
naidv1,test,Llama-3.1,1237,Accessibility & Understandability,new_task,0.09029321112078488,0.0014779005133599768
naidv1,test,Llama-3.1,1237,Accessibility & Understandability,new_dataset,0.15651901305074323,3.1389503569398016e-08
naidv1,test,Llama-3.1,1237,Accessibility & Understandability,SOTA,0.049198640062900804,0.0836903219815224
naidv1,test,Llama-3.1,1237,Accessibility & Understandability,is_broad,0.022426501763517518,0.4306590240755239
naidv1,test,Llama-3.1,1237,Novelty & Engagement,cites,0.14911350777098795,1.374293261344864e-07
naidv1,test,Llama-3.1,1237,Novelty & Engagement,TNCSI,0.10787176536824038,0.00014398540088182482
naidv1,test,Llama-3.1,1237,Novelty & Engagement,TNCSI_SP,0.1317625463827776,3.3221971626406676e-06
naidv1,test,Llama-3.1,1237,Novelty & Engagement,Ref_num,0.22476887037206902,1.2448495392662842e-15
naidv1,test,Llama-3.1,1237,Novelty & Engagement,RQM,0.08324955400619706,0.003388548567719734
naidv1,test,Llama-3.1,1237,Novelty & Engagement,SMP,-0.055292688524852904,0.05186879092637573
naidv1,test,Llama-3.1,1237,Novelty & Engagement,ARQ,0.07911492170930977,0.0053675906088711135
naidv1,test,Llama-3.1,1237,Novelty & Engagement,OA,0.05132901659232944,0.0711282244766829
naidv1,test,Llama-3.1,1237,Novelty & Engagement,is_practical,-0.1023146343812803,0.0003129550082574569
naidv1,test,Llama-3.1,1237,Novelty & Engagement,new_task,-0.03123990503298146,0.2722498189039811
naidv1,test,Llama-3.1,1237,Novelty & Engagement,new_dataset,-0.14721154478402085,1.985362154547756e-07
naidv1,test,Llama-3.1,1237,Novelty & Engagement,SOTA,0.15367167037177146,5.584580304816339e-08
naidv1,test,Llama-3.1,1237,Novelty & Engagement,is_broad,-0.05195498847134582,0.06774551219353293
naidv1,test,Llama-3.3,1236,Quality & Reliability,cites,0.06353806712154024,0.025496778283341095
naidv1,test,Llama-3.3,1236,Quality & Reliability,TNCSI,0.06310040252156877,0.026529339118502308
naidv1,test,Llama-3.3,1236,Quality & Reliability,TNCSI_SP,0.07909737006806669,0.005396576035063494
naidv1,test,Llama-3.3,1236,Quality & Reliability,Ref_num,0.050058905136328005,0.07853797202735323
naidv1,test,Llama-3.3,1236,Quality & Reliability,RQM,0.017547230027309735,0.5376783409512245
naidv1,test,Llama-3.3,1236,Quality & Reliability,SMP,-0.019175746523517005,0.500605373481551
naidv1,test,Llama-3.3,1236,Quality & Reliability,ARQ,0.028372273142377707,0.3189249653242641
naidv1,test,Llama-3.3,1236,Quality & Reliability,OA,0.07944155178266131,0.0051979773276938325
naidv1,test,Llama-3.3,1236,Quality & Reliability,is_practical,-0.036839315750219905,0.19556835997646246
naidv1,test,Llama-3.3,1236,Quality & Reliability,new_task,0.05183445661520904,0.06849838454841292
naidv1,test,Llama-3.3,1236,Quality & Reliability,new_dataset,0.015465604383214114,0.5869897786256167
naidv1,test,Llama-3.3,1236,Quality & Reliability,SOTA,0.06600848953523519,0.0202960144966718
naidv1,test,Llama-3.3,1236,Quality & Reliability,is_broad,0.035891404456100354,0.20732463379884392
naidv1,test,Llama-3.3,1236,Accessibility & Understandability,cites,0.06359936221360384,0.025354976949010864
naidv1,test,Llama-3.3,1236,Accessibility & Understandability,TNCSI,0.09875783910019949,0.0005070606369423454
naidv1,test,Llama-3.3,1236,Accessibility & Understandability,TNCSI_SP,0.08885986708428166,0.0017656718715848081
naidv1,test,Llama-3.3,1236,Accessibility & Understandability,Ref_num,-0.08582860965242357,0.0025279173504092487
naidv1,test,Llama-3.3,1236,Accessibility & Understandability,RQM,0.13283994052725592,2.7821057220910207e-06
naidv1,test,Llama-3.3,1236,Accessibility & Understandability,SMP,-0.11198868628549942,7.960153574697616e-05
naidv1,test,Llama-3.3,1236,Accessibility & Understandability,ARQ,0.07501473240024019,0.008331622518570322
naidv1,test,Llama-3.3,1236,Accessibility & Understandability,OA,0.10566875674379855,0.00019793366073260924
naidv1,test,Llama-3.3,1236,Accessibility & Understandability,is_practical,0.3674552880997729,8.326458141093284e-41
naidv1,test,Llama-3.3,1236,Accessibility & Understandability,new_task,0.1319043659796073,3.2716188502924264e-06
naidv1,test,Llama-3.3,1236,Accessibility & Understandability,new_dataset,0.23302707125511563,1.0525760813646631e-16
naidv1,test,Llama-3.3,1236,Accessibility & Understandability,SOTA,0.08768723983542977,0.0020312277687279954
naidv1,test,Llama-3.3,1236,Accessibility & Understandability,is_broad,0.039506515527221314,0.1651191046505269
naidv1,test,Llama-3.3,1236,Novelty & Engagement,cites,0.23410120169079238,7.55271871650036e-17
naidv1,test,Llama-3.3,1236,Novelty & Engagement,TNCSI,0.15863647011988447,2.0580738982815942e-08
naidv1,test,Llama-3.3,1236,Novelty & Engagement,TNCSI_SP,0.207797577733248,1.5973371138884859e-13
naidv1,test,Llama-3.3,1236,Novelty & Engagement,Ref_num,0.32470382090099126,9.706137938371261e-32
naidv1,test,Llama-3.3,1236,Novelty & Engagement,RQM,0.10773935189520296,0.00014765024452746106
naidv1,test,Llama-3.3,1236,Novelty & Engagement,SMP,-0.11039317037952057,0.00010064376713700405
naidv1,test,Llama-3.3,1236,Novelty & Engagement,ARQ,0.07264312851601609,0.010628209314830172
naidv1,test,Llama-3.3,1236,Novelty & Engagement,OA,0.13016499432331183,4.409194364549227e-06
naidv1,test,Llama-3.3,1236,Novelty & Engagement,is_practical,-0.11707817364068701,3.689256386822146e-05
naidv1,test,Llama-3.3,1236,Novelty & Engagement,new_task,0.05434989758232184,0.05610145648159153
naidv1,test,Llama-3.3,1236,Novelty & Engagement,new_dataset,-0.045807582765871976,0.10747140855637742
naidv1,test,Llama-3.3,1236,Novelty & Engagement,SOTA,0.1798641474105281,1.9019268125129394e-10
naidv1,test,Llama-3.3,1236,Novelty & Engagement,is_broad,-0.023124244954928912,0.4166422819784499
naidv2,train,GPT,1744,Quality & Reliability,score_mean,0.15723046609484073,4.041846790640954e-11
naidv2,train,GPT,1744,Quality & Reliability,score_weighted,0.15587679815699743,5.950209700418126e-11
naidv2,train,GPT,1744,Quality & Reliability,score_median,0.15792292569309757,3.31206353081543e-11
naidv2,train,GPT,1744,Quality & Reliability,accept,0.15327292496374612,1.2401931172861118e-10
naidv2,train,GPT,1744,Quality & Reliability,cites,0.12869760392426102,6.923002163444045e-08
naidv2,train,GPT,1744,Quality & Reliability,TNCSI,0.12538964674158998,1.4930317351794187e-07
naidv2,train,GPT,1744,Quality & Reliability,TNCSI_SP,0.11971356887472968,5.335401192801755e-07
naidv2,train,GPT,1744,Accessibility & Understandability,score_mean,-0.014901049848053802,0.5340244143767271
naidv2,train,GPT,1744,Accessibility & Understandability,score_weighted,-0.012982741386514916,0.587949882671579
naidv2,train,GPT,1744,Accessibility & Understandability,score_median,-0.02374416423411438,0.32167865988041167
naidv2,train,GPT,1744,Accessibility & Understandability,accept,0.010409330659629104,0.6639932760614433
naidv2,train,GPT,1744,Accessibility & Understandability,cites,0.13339930925081667,2.245546023344824e-08
naidv2,train,GPT,1744,Accessibility & Understandability,TNCSI,0.09046688435209618,0.00015491294787228172
naidv2,train,GPT,1744,Accessibility & Understandability,TNCSI_SP,0.08121037242574565,0.0006872361825827482
naidv2,train,GPT,1744,Novelty & Engagement,score_mean,0.1950985045898616,2.0209994654339098e-16
naidv2,train,GPT,1744,Novelty & Engagement,score_weighted,0.19311317681138793,4.100533034159495e-16
naidv2,train,GPT,1744,Novelty & Engagement,score_median,0.18104158939295945,2.573739472786446e-14
naidv2,train,GPT,1744,Novelty & Engagement,accept,0.1533783475111576,1.2041502395109008e-10
naidv2,train,GPT,1744,Novelty & Engagement,cites,0.23576226762791747,1.870999587556591e-23
naidv2,train,GPT,1744,Novelty & Engagement,TNCSI,0.20328570842355595,1.0078832869021874e-17
naidv2,train,GPT,1744,Novelty & Engagement,TNCSI_SP,0.18248261210735342,1.593330810937096e-14
naidv2,train,Deepseek,1701,Quality & Reliability,score_mean,0.06637497251285426,0.006171585956868969
naidv2,train,Deepseek,1701,Quality & Reliability,score_weighted,0.06703872603937673,0.005675379661178304
naidv2,train,Deepseek,1701,Quality & Reliability,score_median,0.06679523059478526,0.005853074915299025
naidv2,train,Deepseek,1701,Quality & Reliability,accept,0.08964897163202454,0.0002137825676830351
naidv2,train,Deepseek,1701,Quality & Reliability,cites,0.060558712134219934,0.012486419964130942
naidv2,train,Deepseek,1701,Quality & Reliability,TNCSI,0.07415073797713712,0.0022120574393084107
naidv2,train,Deepseek,1701,Quality & Reliability,TNCSI_SP,0.06348998215130391,0.008812419024383655
naidv2,train,Deepseek,1701,Accessibility & Understandability,score_mean,0.022406639746569715,0.3557166376496175
naidv2,train,Deepseek,1701,Accessibility & Understandability,score_weighted,0.02482526159458743,0.30617651705375004
naidv2,train,Deepseek,1701,Accessibility & Understandability,score_median,0.013336869407162364,0.5825422955745999
naidv2,train,Deepseek,1701,Accessibility & Understandability,accept,0.01891164794872027,0.435701218446806
naidv2,train,Deepseek,1701,Accessibility & Understandability,cites,0.16160204023512523,2.0252187444667576e-11
naidv2,train,Deepseek,1701,Accessibility & Understandability,TNCSI,0.12650737600038847,1.6518570867347762e-07
naidv2,train,Deepseek,1701,Accessibility & Understandability,TNCSI_SP,0.09774378335774535,5.3915015110976463e-05
naidv2,train,Deepseek,1701,Novelty & Engagement,score_mean,0.11747611229144736,1.1836335610693932e-06
naidv2,train,Deepseek,1701,Novelty & Engagement,score_weighted,0.11652416554297387,1.4448394801292015e-06
naidv2,train,Deepseek,1701,Novelty & Engagement,score_median,0.12270128816309375,3.8533619023880546e-07
naidv2,train,Deepseek,1701,Novelty & Engagement,accept,0.08124754372973847,0.000796552669691486
naidv2,train,Deepseek,1701,Novelty & Engagement,cites,0.16975125640885055,1.826353811913424e-12
naidv2,train,Deepseek,1701,Novelty & Engagement,TNCSI,0.1678840320516016,3.2034768332560184e-12
naidv2,train,Deepseek,1701,Novelty & Engagement,TNCSI_SP,0.16427928970543887,9.310252636619199e-12
naidv2,train,Llama-3.1,1744,Quality & Reliability,score_mean,0.029926611034843648,0.21160813865830888
naidv2,train,Llama-3.1,1744,Quality & Reliability,score_weighted,0.030801652159030975,0.19854863856369181
naidv2,train,Llama-3.1,1744,Quality & Reliability,score_median,0.011408716091184608,0.6339918340265608
naidv2,train,Llama-3.1,1744,Quality & Reliability,accept,0.021164722433749058,0.3770580085073658
naidv2,train,Llama-3.1,1744,Quality & Reliability,cites,0.02861218929389869,0.2323731923333102
naidv2,train,Llama-3.1,1744,Quality & Reliability,TNCSI,0.040641310740617394,0.08975054053048519
naidv2,train,Llama-3.1,1744,Quality & Reliability,TNCSI_SP,0.05186290732108805,0.030329280696602148
naidv2,train,Llama-3.1,1744,Accessibility & Understandability,score_mean,0.029367375454716946,0.22027294469560993
naidv2,train,Llama-3.1,1744,Accessibility & Understandability,score_weighted,0.030315473566410466,0.20572995843269984
naidv2,train,Llama-3.1,1744,Accessibility & Understandability,score_median,0.017424504271367717,0.46710213394839795
naidv2,train,Llama-3.1,1744,Accessibility & Understandability,accept,0.03696206209112126,0.12283039767596445
naidv2,train,Llama-3.1,1744,Accessibility & Understandability,cites,0.0091537760939131,0.7024562959523074
naidv2,train,Llama-3.1,1744,Accessibility & Understandability,TNCSI,0.011270854271831563,0.638096293714677
naidv2,train,Llama-3.1,1744,Accessibility & Understandability,TNCSI_SP,0.03831774810987245,0.10967929552644606
naidv2,train,Llama-3.1,1744,Novelty & Engagement,score_mean,-0.009008181941205385,0.7069684709453807
naidv2,train,Llama-3.1,1744,Novelty & Engagement,score_weighted,-0.009406345037852669,0.6946536917866202
naidv2,train,Llama-3.1,1744,Novelty & Engagement,score_median,-0.013195243491718257,0.581854135387677
naidv2,train,Llama-3.1,1744,Novelty & Engagement,accept,-0.05421469127155038,0.023567111455911966
naidv2,train,Llama-3.1,1744,Novelty & Engagement,cites,-0.028591928226361543,0.23270420014513465
naidv2,train,Llama-3.1,1744,Novelty & Engagement,TNCSI,-0.04056925939418087,0.09032143763645459
naidv2,train,Llama-3.1,1744,Novelty & Engagement,TNCSI_SP,-0.06117867733771233,0.010604795825670536
naidv2,train,Llama-3.3,1741,Quality & Reliability,score_mean,0.08382696984210013,0.00046289597414083696
naidv2,train,Llama-3.3,1741,Quality & Reliability,score_weighted,0.08445838261957524,0.0004189901939905899
naidv2,train,Llama-3.3,1741,Quality & Reliability,score_median,0.08810686528694095,0.00023249943741403064
naidv2,train,Llama-3.3,1741,Quality & Reliability,accept,0.08016287678576668,0.0008145405486821185
naidv2,train,Llama-3.3,1741,Quality & Reliability,cites,0.08548400276780639,0.00035586410607939766
naidv2,train,Llama-3.3,1741,Quality & Reliability,TNCSI,0.07749569187022864,0.0012118536536915106
naidv2,train,Llama-3.3,1741,Quality & Reliability,TNCSI_SP,0.06119545341797304,0.01065060787223007
naidv2,train,Llama-3.3,1741,Accessibility & Understandability,score_mean,-0.024896861013796023,0.2991566488303494
naidv2,train,Llama-3.3,1741,Accessibility & Understandability,score_weighted,-0.022268063615748398,0.35310198409619875
naidv2,train,Llama-3.3,1741,Accessibility & Understandability,score_median,-0.030365211842987974,0.2053772953472043
naidv2,train,Llama-3.3,1741,Accessibility & Understandability,accept,-0.0012856418913568665,0.9572496514853035
naidv2,train,Llama-3.3,1741,Accessibility & Understandability,cites,0.05221475618996421,0.029361591739510372
naidv2,train,Llama-3.3,1741,Accessibility & Understandability,TNCSI,0.04013325142341108,0.094122075988515
naidv2,train,Llama-3.3,1741,Accessibility & Understandability,TNCSI_SP,0.04673436644115877,0.05121548023259215
naidv2,train,Llama-3.3,1741,Novelty & Engagement,score_mean,0.11078455188394311,3.5959276163480094e-06
naidv2,train,Llama-3.3,1741,Novelty & Engagement,score_weighted,0.11105823645678095,3.4010202684370855e-06
naidv2,train,Llama-3.3,1741,Novelty & Engagement,score_median,0.10166688565956888,2.1372290935025743e-05
naidv2,train,Llama-3.3,1741,Novelty & Engagement,accept,0.09499720630142285,7.18967515360921e-05
naidv2,train,Llama-3.3,1741,Novelty & Engagement,cites,0.16277384480481233,8.343419412479619e-12
naidv2,train,Llama-3.3,1741,Novelty & Engagement,TNCSI,0.1422544772532366,2.496444378460718e-09
naidv2,train,Llama-3.3,1741,Novelty & Engagement,TNCSI_SP,0.11975958819171939,5.40184644249541e-07
naidv2,test,GPT,851,Quality & Reliability,score_mean,0.10427668417519843,0.0023207361027647163
naidv2,test,GPT,851,Quality & Reliability,score_weighted,0.10454930909605537,0.002259686758715631
naidv2,test,GPT,851,Quality & Reliability,score_median,0.10986802193312459,0.001327022308093603
naidv2,test,GPT,851,Quality & Reliability,accept,0.08529355825392697,0.0128083035668046
naidv2,test,GPT,851,Quality & Reliability,cites,-0.00934413696617245,0.7854747391648693
naidv2,test,GPT,851,Quality & Reliability,TNCSI,-0.019709482738002913,0.5658501932073661
naidv2,test,GPT,851,Quality & Reliability,TNCSI_SP,-0.0008788815363333614,0.9795756140193788
naidv2,test,GPT,851,Accessibility & Understandability,score_mean,-0.05513130803845322,0.1080228457515196
naidv2,test,GPT,851,Accessibility & Understandability,score_weighted,-0.055114324004265816,0.10813163834725532
naidv2,test,GPT,851,Accessibility & Understandability,score_median,-0.040844987263980705,0.23393973127705148
naidv2,test,GPT,851,Accessibility & Understandability,accept,-0.07457338527697759,0.02960917245937543
naidv2,test,GPT,851,Accessibility & Understandability,cites,0.20288163067388454,2.344232968865939e-09
naidv2,test,GPT,851,Accessibility & Understandability,TNCSI,0.16130914437285315,2.2475649750345674e-06
naidv2,test,GPT,851,Accessibility & Understandability,TNCSI_SP,0.12756237012571997,0.00019070632380624268
naidv2,test,GPT,851,Novelty & Engagement,score_mean,0.1392308645942344,4.591054942339075e-05
naidv2,test,GPT,851,Novelty & Engagement,score_weighted,0.13889398403190664,4.791569587348568e-05
naidv2,test,GPT,851,Novelty & Engagement,score_median,0.1129935986832948,0.00096007124537877
naidv2,test,GPT,851,Novelty & Engagement,accept,0.1450259241171334,2.1671422754760604e-05
naidv2,test,GPT,851,Novelty & Engagement,cites,0.1782026164033295,1.6695441450743946e-07
naidv2,test,GPT,851,Novelty & Engagement,TNCSI,0.20177042305177986,2.875412531500587e-09
naidv2,test,GPT,851,Novelty & Engagement,TNCSI_SP,0.18110020635949126,1.0415786144532775e-07
naidv2,test,Deepseek,845,Quality & Reliability,score_mean,0.04426020274228744,0.1986804701086125
naidv2,test,Deepseek,845,Quality & Reliability,score_weighted,0.04503479170448616,0.1909286614738762
naidv2,test,Deepseek,845,Quality & Reliability,score_median,0.024833464367881895,0.4709564797668301
naidv2,test,Deepseek,845,Quality & Reliability,accept,0.04515828567224275,0.1897136028892463
naidv2,test,Deepseek,845,Quality & Reliability,cites,0.23655977522616017,3.2736356397103426e-12
naidv2,test,Deepseek,845,Quality & Reliability,TNCSI,0.20244132828701047,2.891955504567145e-09
naidv2,test,Deepseek,845,Quality & Reliability,TNCSI_SP,0.1661863849530008,1.188664558524359e-06
naidv2,test,Deepseek,845,Accessibility & Understandability,score_mean,0.09900650412156427,0.003966308716378689
naidv2,test,Deepseek,845,Accessibility & Understandability,score_weighted,0.0976379000677662,0.0044998631059313164
naidv2,test,Deepseek,845,Accessibility & Understandability,score_median,0.09333287086204563,0.006627687630991547
naidv2,test,Deepseek,845,Accessibility & Understandability,accept,0.12026023747124143,0.0004593970114231886
naidv2,test,Deepseek,845,Accessibility & Understandability,cites,0.0316842827183319,0.35762800025440555
naidv2,test,Deepseek,845,Accessibility & Understandability,TNCSI,0.03389456167857602,0.32506569056478196
naidv2,test,Deepseek,845,Accessibility & Understandability,TNCSI_SP,0.055084687868438904,0.1095774976932062
naidv2,test,Deepseek,845,Novelty & Engagement,score_mean,0.012878037318545395,0.7085445478765019
naidv2,test,Deepseek,845,Novelty & Engagement,score_weighted,0.013678342066218447,0.6913349245311406
naidv2,test,Deepseek,845,Novelty & Engagement,score_median,0.008277770642601205,0.8101182596354934
naidv2,test,Deepseek,845,Novelty & Engagement,accept,0.05343325827078544,0.12064912101834561
naidv2,test,Deepseek,845,Novelty & Engagement,cites,-0.09462888391676944,0.0059076507099151895
naidv2,test,Deepseek,845,Novelty & Engagement,TNCSI,-0.04529565130277896,0.18836875313085488
naidv2,test,Deepseek,845,Novelty & Engagement,TNCSI_SP,-0.03365695624774369,0.3284707780046441
naidv2,test,Llama-3.1,851,Quality & Reliability,score_mean,-0.048880318034990974,0.15424748989122877
naidv2,test,Llama-3.1,851,Quality & Reliability,score_weighted,-0.049206284864079346,0.15151520121089615
naidv2,test,Llama-3.1,851,Quality & Reliability,score_median,-0.036485442973292474,0.2877187420942789
naidv2,test,Llama-3.1,851,Quality & Reliability,accept,-0.014383148707687494,0.6752243296696184
naidv2,test,Llama-3.1,851,Quality & Reliability,cites,-0.05644723364619102,0.09985333156575442
naidv2,test,Llama-3.1,851,Quality & Reliability,TNCSI,-0.04042238721155103,0.238818046699692
naidv2,test,Llama-3.1,851,Quality & Reliability,TNCSI_SP,-0.03393828848143381,0.32272471723492746
naidv2,test,Llama-3.1,851,Accessibility & Understandability,score_mean,0.039228395679300504,0.25298670742377993
naidv2,test,Llama-3.1,851,Accessibility & Understandability,score_weighted,0.039304846707495046,0.2520623402242696
naidv2,test,Llama-3.1,851,Accessibility & Understandability,score_median,0.02332730975428632,0.49676138911840084
naidv2,test,Llama-3.1,851,Accessibility & Understandability,accept,0.03618183083214121,0.2917516761454221
naidv2,test,Llama-3.1,851,Accessibility & Understandability,cites,0.0863672004366599,0.011718709353497921
naidv2,test,Llama-3.1,851,Accessibility & Understandability,TNCSI,0.07457449902057948,0.02960673270261362
naidv2,test,Llama-3.1,851,Accessibility & Understandability,TNCSI_SP,0.058979408123263063,0.0855215974514308
naidv2,test,Llama-3.1,851,Novelty & Engagement,score_mean,0.023626910348704927,0.49124816161858464
naidv2,test,Llama-3.1,851,Novelty & Engagement,score_weighted,0.023280556121383425,0.4976247058917592
naidv2,test,Llama-3.1,851,Novelty & Engagement,score_median,0.03305569264730284,0.3354755960619171
naidv2,test,Llama-3.1,851,Novelty & Engagement,accept,0.048355250118993665,0.15872702247392528
naidv2,test,Llama-3.1,851,Novelty & Engagement,cites,-0.019403369750494837,0.5719006898877583
naidv2,test,Llama-3.1,851,Novelty & Engagement,TNCSI,0.017637698885786958,0.6073855668099657
naidv2,test,Llama-3.1,851,Novelty & Engagement,TNCSI_SP,0.010615414746580624,0.7571500712676353
naidv2,test,Llama-3.3,849,Quality & Reliability,score_mean,0.06123562597157448,0.07453676091049423
naidv2,test,Llama-3.3,849,Quality & Reliability,score_weighted,0.06220824856768704,0.07003508215367608
naidv2,test,Llama-3.3,849,Quality & Reliability,score_median,0.07101905808605567,0.03855647791402999
naidv2,test,Llama-3.3,849,Quality & Reliability,accept,0.04492526341744879,0.1909593844532706
naidv2,test,Llama-3.3,849,Quality & Reliability,cites,-0.0007372086173479512,0.982887607063913
naidv2,test,Llama-3.3,849,Quality & Reliability,TNCSI,-0.015540553320772947,0.6511431595126022
naidv2,test,Llama-3.3,849,Quality & Reliability,TNCSI_SP,-0.013743778308575441,0.6892377898288129
naidv2,test,Llama-3.3,849,Accessibility & Understandability,score_mean,-0.10611406084486162,0.0019608454825888124
naidv2,test,Llama-3.3,849,Accessibility & Understandability,score_weighted,-0.1051000365050107,0.0021669132974506448
naidv2,test,Llama-3.3,849,Accessibility & Understandability,score_median,-0.1016266096405964,0.0030320340470956133
naidv2,test,Llama-3.3,849,Accessibility & Understandability,accept,-0.09534311382964406,0.005430654361180945
naidv2,test,Llama-3.3,849,Accessibility & Understandability,cites,0.07956662969741803,0.020414445866654366
naidv2,test,Llama-3.3,849,Accessibility & Understandability,TNCSI,0.05624540852398631,0.10147625471081957
naidv2,test,Llama-3.3,849,Accessibility & Understandability,TNCSI_SP,0.018065719255592597,0.5991250587249121
naidv2,test,Llama-3.3,849,Novelty & Engagement,score_mean,0.08463898475128194,0.013626112504200153
naidv2,test,Llama-3.3,849,Novelty & Engagement,score_weighted,0.08449587720766143,0.013786234376527578
naidv2,test,Llama-3.3,849,Novelty & Engagement,score_median,0.06770870590297855,0.048583757142789036
naidv2,test,Llama-3.3,849,Novelty & Engagement,accept,0.11825304902884144,0.00055509806998234
naidv2,test,Llama-3.3,849,Novelty & Engagement,cites,0.12860035891545057,0.00017182719837877816
naidv2,test,Llama-3.3,849,Novelty & Engagement,TNCSI,0.14304110427762806,2.8735343892037963e-05
naidv2,test,Llama-3.3,849,Novelty & Engagement,TNCSI_SP,0.11087632084779092,0.0012126299073164926
